{"file_hashes":[{"block_hashes":["47DEQpj8HBSa+/TImW+5JCeuQeRkm5NMpJWZG3hSuFU="],"block_size":4096,"path":"background.js"},{"block_hashes":["47DEQpj8HBSa+/TImW+5JCeuQeRkm5NMpJWZG3hSuFU="],"block_size":4096,"path":"content.js"},{"block_hashes":["DIedEeRSfGz47JgUaU/1QucNY4iZpuF4PErEK0p6iYA="],"block_size":4096,"path":"popup.html"},{"block_hashes":["T2OFaBnLXwVhCIkf7Ee3YvCKvqvWrVu7OSX4ri0/x0M="],"block_size":4096,"path":"popup.js"},{"block_hashes":["7iptq7N9z9XYfB4usGxZPmq1Tz798Lb1GERM1/2HOY0=","s8JuUfAczoaxF11w/JY555AgLHHY1STR/cpV35PrBn0=","8SbwH77cASUYb6xXTDkH3f4mq6ONA7gbuZGN/KaLytU="],"block_size":4096,"path":"wxqr.jpg"}],"version":2}